assignment_index,label_seed,cv_r2,in_sample_r2,pearson_label_hz_outcome
0,20260718,-0.0021567974836895765,0.004047403045795095,0.06217290034784483
1,20260719,0.0007466578744580454,0.008746275492853561,0.018832374019356907
2,20260720,-0.002171938610192159,0.0024445232085661406,0.0074498446838684226
3,20260721,-0.0061254790611391385,0.0006395334111378714,-0.012515885215948992
4,20260722,-0.0042219309341728906,0.00400115260385181,0.05713383071720298
5,20260723,-0.002728713357368795,0.0029484012997638143,0.024487710391196255
6,20260724,-0.0012566817787904583,0.0038818686302437566,0.026571986655699646
7,20260725,-0.005673277324076409,0.0002662616815769514,0.0020844677971597384
8,20260726,-0.005699229773364456,0.0032154830571042847,-0.045523771599768365
9,20260727,-0.010204929216971692,0.0006126054305193307,-0.005481046518499616
10,20260728,-0.0019896677178330435,0.003361660288910495,0.048836393042857126
11,20260729,0.003017873495775647,0.011085116692182484,0.03088227872849773
12,20260730,0.0023666838762017584,0.007864513419789998,0.057678384549544506
13,20260731,-0.00857352791864785,0.002164668514283763,0.02329234431335851
14,20260732,-0.007070776053755834,0.0012809173719445788,0.018931114412756512
15,20260733,-0.010127891233330244,0.0006551294699456145,-0.0065393642647473185
16,20260734,-0.005160889254834267,0.0014173737932918762,-0.005079404843810107
17,20260735,-0.004208601090716746,0.001486474913640956,0.033009575837962504
18,20260736,-0.0072193277189736005,0.0018017710207974824,0.02959353628032905
19,20260737,-0.0046429955975195725,0.0019528092230830518,0.012202699367252004
20,20260738,-0.0035923781791646903,0.0009415218778801027,0.010268230033811986
21,20260739,-0.00988312768186983,0.0007452162051969635,0.001853906403242218
22,20260740,-0.002547630265185674,0.002435740120818375,-0.03521275457594588
23,20260741,-0.010351165010253238,0.0008500159714802669,-0.027868586574169074
24,20260742,-0.008508348973125024,0.0027640157167968527,-0.004053752751476938
25,20260743,-0.003772838691437075,0.002186757803055661,-0.006648120658222048
26,20260744,-0.0025903437854972733,0.003616147010547799,0.031118313756037057
27,20260745,-0.0029670557099015227,0.00359776900545139,0.04371076193283714
28,20260746,-0.007985865582280649,0.0047364047358401384,-0.018200547088661045
29,20260747,-0.0026020898599652398,0.0015760262958229854,-0.03096723827709041
30,20260748,-0.005648166875880101,0.0027086070683954855,0.04085604468087141
31,20260749,-0.0029888493425553886,0.0018427477708500284,0.006316287684564737
32,20260750,-0.003236489792782127,0.000355883469043472,-0.009328389171238526
33,20260751,-0.0023782453949803273,0.004494757537927496,-0.017371516452221035
34,20260752,-0.004266047369281489,0.004103021069244095,0.048108258178405625
35,20260753,-5.755280695085574e-05,0.004508223682956447,0.007005452820552595
36,20260754,-0.0008619851609705798,0.004946119873786348,-0.0038788975537417695
37,20260755,-0.008951010959229233,0.0011356941850678703,0.019156542959912957
38,20260756,-0.0009437940083047991,0.003382315416944337,-0.00833445307748341
39,20260757,-0.00543732471584768,0.00020732285556324115,-0.006077032111340935
40,20260758,-0.003631843877263563,0.000548534759679975,-0.006683576689019868
41,20260759,-0.006724239724888781,0.0017163015040932983,-0.020975014562230256
42,20260760,0.00552868133642348,0.009252013002169046,0.031524576227719966
43,20260761,-0.0026981731373187934,0.002632569376471494,-0.04606965363017777
44,20260762,-0.011024063017879282,0.0005740127029280062,0.0024492213593293663
45,20260763,-0.005470130628967063,0.0019672570190932825,0.03730193840017587
46,20260764,-0.0008613827114347661,0.005781354543161532,-0.055339833616893055
47,20260765,-0.005197137800006191,0.004420436639487879,0.027741734548768084
48,20260766,-0.006573444334925016,0.003772949367196188,-0.03659871182101242
49,20260767,-0.00550286450104065,0.0002504335218793674,0.0038796029447074032
50,20260768,-0.004148558101809474,0.0010450230092741153,0.0012668270706838302
51,20260769,-0.0023980116780775163,0.010010116082334486,-0.03585754215574948
52,20260770,-0.005945991801923789,0.0018378957462609202,-0.006800765908882086
53,20260771,0.0017636381046369776,0.008208916861233262,0.006584700410635445
54,20260772,-0.007573428108839542,0.0015454174454809788,-0.02197082437731952
55,20260773,0.0026921359009645096,0.0051719406574060045,0.025895296988072622
56,20260774,9.9220876683348e-05,0.004159252655301704,-0.031122435513807088
57,20260775,-0.01244201036065129,0.0008956682882359512,-0.021441047726302856
58,20260776,-0.006769412723687029,0.0009225707327642496,0.014831416883182087
59,20260777,-0.005069797453701508,0.004101630665192202,0.04224356160533842
60,20260778,-0.0006538997925187306,0.004098278114030296,0.004406826544949434
61,20260779,-0.002352901361629023,0.0015208833458605353,-0.003982307692515963
62,20260780,-0.010988409495732876,0.0005817181937535221,0.008222998837736802
63,20260781,-0.01088858745675969,0.0007540384963203861,-0.021968909903418408
64,20260782,0.0030003100481807987,0.005997830633887036,0.06008510280839955
65,20260783,-0.007699072910319682,0.0005196175429744709,-0.005370646400708721
66,20260784,-0.01028211996448336,0.004123686088804979,0.05375535355614342
67,20260785,-0.0034817031586587,0.0012066834322805864,0.003987985800584826
68,20260786,-0.004945178797280292,0.0016063191737586413,0.022947460440698036
69,20260787,-0.00653011013689353,0.0005321320722462275,-0.01529787027647956
70,20260788,-0.007220100433488863,0.0007284163961012169,-0.0256618530349263
71,20260789,-0.004449671987993398,0.007398289132054647,0.07986901201109742
72,20260790,0.000206506466542411,0.007137921532382241,-0.07265211326035838
73,20260791,-0.011564572316887345,0.0007746494154824424,0.004238934738849487
74,20260792,-0.004027376247957459,0.005224179805030316,-0.06696018512016731
75,20260793,-3.636856107513964e-05,0.0038094918199906846,0.06116669700866154
76,20260794,0.0019650161845968794,0.007706263832355287,0.047029184312033116
77,20260795,-0.0032746104851044677,0.0016853202622354457,-0.02408044715249831
78,20260796,-0.007428132418851208,0.0003633179691502342,-0.002508453529557483
79,20260797,-0.0016446455891847567,0.002556966426792151,-0.00915163059521587
80,20260798,-0.004661687401967596,0.0004692362198367439,-0.0067117184292491295
81,20260799,0.002684799492278067,0.007506746566105615,-0.024859578727785877
82,20260800,-0.0038011987293493643,0.0016152658941535059,0.027956528984675873
83,20260801,-0.012962034865981575,0.00028783624574624245,0.012201433523004375
84,20260802,-0.0003390402826690675,0.0031965300846276135,-0.03207063983619731
85,20260803,-0.006458773063521495,0.003471522644084346,0.019777333600986054
86,20260804,-0.00493250318461147,0.0009955226389867233,0.01582838933567755
87,20260805,-0.0076390213804991,0.0015995113742355294,-0.0035637272825058235
88,20260806,-0.010381559973981602,0.0004534810337404327,0.014012018052512445
89,20260807,-0.0016300132029047898,0.0019137073336236154,0.0007080524464357324
90,20260808,-0.009803575229409445,0.0006208239495623102,0.002275441331588147
91,20260809,-0.007681032623886752,0.0008061392201338391,0.003005969018863016
92,20260810,-0.005282094693854544,0.0040171039724111735,0.059731126505893864
93,20260811,-0.001732684041438226,0.003489095002747633,-0.05363178105819211
94,20260812,-0.0038515177961340186,0.0030684577457145146,0.019680652870728538
95,20260813,-0.005447897504238464,0.0015951329102421585,-0.03604659084643806
96,20260814,-0.00807458940722161,0.0018242407809648808,0.01455569056229568
97,20260815,-0.003449763760406288,0.0036991802528409945,-0.008549769489329546
98,20260816,-0.008769352435297417,0.0018028491152056736,-0.013131360757164784
99,20260817,0.0007089386663654551,0.004454938679122278,0.0560801793228278
100,20260818,0.0006598793090712984,0.005284518239704883,0.031943112948038026
101,20260819,-0.005473404139322957,0.0010145208147397389,0.027080923367959205
102,20260820,-0.007872259572154539,0.0006560193930067459,-0.008944661924974607
103,20260821,-0.003622119827377368,0.002740679822943126,-0.0008751430439014021
104,20260822,-0.0031984848672685917,0.005456777375941857,-0.044644363751774566
105,20260823,-9.416137530737778e-05,0.00580429105437652,0.04639439084418185
106,20260824,-0.00493690343463693,0.00036605347338891647,0.01713337191179088
107,20260825,-0.003617777856556481,0.003689000574702339,-0.01658110602874569
108,20260826,-0.006913386907591468,0.0005820372520628503,-0.01013042683392479
109,20260827,-0.009476466187035681,0.0011546019609991465,-0.023153821606230706
110,20260828,-0.002095940747415037,0.0017326638949994866,-0.005697030868192525
111,20260829,-0.002740849004056356,0.0034726984149483497,-0.03806730488939272
112,20260830,-0.0017020323779854962,0.0012816285125648585,-0.001859370776476874
113,20260831,0.001352763073843799,0.008153275877667898,0.04792646977374171
114,20260832,-0.006664968740007771,0.00367029115059081,-0.007433354164298465
115,20260833,-0.005208723595107934,3.1395243385023974e-05,0.005513829724987349
116,20260834,-0.005681785905910175,0.004654093950564819,0.007631624235986242
117,20260835,-0.0038099519106162827,0.00233608780408856,-0.019108925793215593
118,20260836,-0.006800365773615535,0.0011348731855954641,0.015650936776547605
119,20260837,-0.004448902867254745,0.000587790682502809,0.021232922759665415
120,20260838,-0.010315922118886212,0.0007116918289976626,-0.018074055552849227
121,20260839,-0.008950465093092275,0.0011383076218383081,0.0019710120866139073
122,20260840,-0.004340324856336508,0.0006364078810043861,0.009741053673666128
123,20260841,-0.006758753239355819,0.0013290740885807395,-0.0029733029605116287
124,20260842,-0.0015548098089335216,0.003947111500743672,0.044963741983638596
125,20260843,-0.002364425207354248,0.0040796313996912525,0.05083758935639694
126,20260844,-0.006264642263205333,0.0019917861348988097,0.02732706391592428
127,20260845,-0.004373098427985944,0.008174344244478715,-0.07400748053981109
128,20260846,-0.006883675500334974,0.0004325812847649768,0.016418720886048913
129,20260847,0.004572744219794589,0.012285853342241304,0.07297263257089351
130,20260848,-0.008155724121395647,0.0032895283478905357,-0.05222482885505159
131,20260849,-0.0021481444104003433,0.008545921714771088,-0.0047380919646896865
132,20260850,-0.0014868338010096682,0.0025864158136288395,-0.026401089296426178
133,20260851,-0.005774241570472904,0.0023432647262714434,0.048314877191468195
134,20260852,-0.005066963424214421,0.0026850066965292685,0.05031564792010514
135,20260853,-0.004087554274772254,0.0024665222541206955,0.0234676556885756
136,20260854,-0.003877248608556094,0.00011618717037309434,-0.0033310122738881977
137,20260855,-0.006070134925207471,0.0004723797070342872,0.014534661282060544
138,20260856,-0.0021468443872474374,0.0032360149890818812,0.03599513046442374
139,20260857,-0.009562615834030064,0.0036900039171275933,0.02208933498286989
140,20260858,-0.007279812599061852,0.0032356054859776773,0.04922895889108205
141,20260859,-0.006975401470705744,0.003474823804182181,0.05878561727996173
142,20260860,-0.009451292314868853,0.00017641060846229628,-0.0027286009050932246
143,20260861,-0.000583337135093176,0.005564261765729772,-0.028353713737730112
144,20260862,-0.002201690225211328,0.0029388030569242884,0.025352192534810563
145,20260863,-0.004929281128723373,0.0018123514746170022,-0.01993517663458615
146,20260864,-0.004522945723715921,0.0008018431150038641,0.008829207449737923
147,20260865,-0.0010271340708705168,0.004806243342484029,-0.04878329822986962
148,20260866,-0.011447424363639547,0.0010930333546044224,-0.001324803103102012
149,20260867,-0.007738065457171928,0.0008725845895872775,0.020603371895100732
150,20260868,-0.006036163429198993,0.0005539544869144208,-0.01750770755690174
151,20260869,-0.0062601036597063064,0.001259440681131374,0.01528913197713642
152,20260870,-0.006431181839333222,0.0013892196879019547,0.00229466467137608
153,20260871,-0.004629377269588231,0.0027296082722193526,-0.044984191105953246
154,20260872,-0.0027601371014003284,0.00034630070796659584,0.015751471493358635
155,20260873,-0.0039012562817013485,0.0004247673579985678,-0.000827073617311018
156,20260874,0.0005259947508819973,0.004408317482233692,0.043043481515781634
157,20260875,-0.011112152914428464,0.0004432036981496523,0.001946952416804067
158,20260876,-0.00657480642641417,0.000948655607439175,-0.011918244116409096
159,20260877,-0.003863961403090199,0.001331467852576429,-0.03357602160179263
160,20260878,-0.0029189828893041447,0.0035932114425688555,0.043523078410875715
161,20260879,-0.002519879307229189,0.0014707111692923158,-0.015216176676436599
162,20260880,2.4571624515856705e-05,0.004018605627960303,-0.0022033207254529125
163,20260881,-0.004426927955164972,0.0004672536895385937,0.009581038317810382
164,20260882,-0.011308506921568151,0.0018468069313977153,-0.009504251194657991
165,20260883,-0.003694157034500156,0.005286256101973197,0.044683436734750934
166,20260884,0.00025994100271586884,0.002773024426091397,0.04720021570206471
167,20260885,-0.0029115540516253535,0.001290186161552631,0.02794007580647065
168,20260886,-0.006287498686605719,0.00041097070578921535,-0.00456235163580441
169,20260887,-0.005071931303114008,0.0031430033835903037,0.01411873156699803
170,20260888,-0.004473940581890989,0.002779241013653566,-0.0022361479985006593
171,20260889,-0.002307695481654104,0.007405718907371628,-0.01985035461553649
172,20260890,-0.006884830732702962,0.0006050747368133713,0.008707413944892165
173,20260891,-0.0023991778217937743,0.002989231974839468,-0.020111954664361904
174,20260892,-0.011280608762310296,0.0015640492435313735,-0.03594912729862003
175,20260893,-0.009327889735192718,0.0006532387657137706,0.004682323269495589
176,20260894,-0.00622585123500663,0.004026841758066557,-0.05047563766086427
177,20260895,-0.0035221992413354553,0.004324421601966777,0.026409854180623936
178,20260896,-0.004752879334346316,0.0026760248225964345,0.03350714509648705
179,20260897,0.0010504359875883607,0.00715285545023725,0.004096661720184277
180,20260898,-0.005320339464007118,0.004641738070419454,0.021756554705876733
181,20260899,-0.005127378422623563,0.002817182381999239,-0.02437745965421596
182,20260900,-0.003853265266542172,0.0025594056330341397,-0.04906931682329188
183,20260901,-0.010336805522038084,0.002179741854438033,-0.019523390816090714
184,20260902,0.002316156002629688,0.007011102353001508,0.009267301171562704
185,20260903,-0.0037125032319518247,0.00118213802822964,9.643544408931282e-06
186,20260904,-0.007778866963046527,0.0004241408882876829,0.009484182610800735
187,20260905,-0.002933166406402954,0.007568235680352586,0.020777076980010547
188,20260906,-0.0030374629005394116,0.002697731101082179,0.029907390881215308
189,20260907,-0.00046112283463295434,0.00573471356102484,-0.01144530794730805
190,20260908,0.0018379098497149915,0.007748646557567351,0.028825570468266344
191,20260909,-0.010648505842350442,0.0018575377996927767,0.013692632525946019
192,20260910,-0.0026622880094380186,0.002720888685576628,0.025997139253529138
193,20260911,0.0001928675628061205,0.004685362648319535,0.059189704200349295
194,20260912,0.0006185500942920141,0.010117819218570356,-0.051933708533300475
195,20260913,-0.006885318615539093,0.0018446941573034836,0.04140249018734298
196,20260914,-0.007169796314401067,0.00238264257729226,-0.00935743754291851
197,20260915,-0.0034085437706528054,0.005569986043376773,0.06448972881877282
198,20260916,-0.005479940421960761,0.00044952947665721776,0.009845425781793525
199,20260917,0.000744139038084346,0.00443813865895426,-0.02656871865906326
200,20260918,-0.006951183896867219,0.0013776881992063617,-0.004910843103903377
201,20260919,-0.002146891708323384,0.005972765652095036,-0.019606736821970592
202,20260920,-0.004853391898997028,0.001520936924752414,-0.025512843459546825
203,20260921,-0.00818931237474807,0.0009523375066883277,-0.0118987059053889
204,20260922,-0.0019267251582049116,0.0013876695656793725,0.017795088355467167
205,20260923,-0.00116636874911058,0.0026209215599708457,0.025670677448145537
206,20260924,-0.0059669324565507775,0.0012188817641636263,-0.019160496084994916
207,20260925,0.003306246425580195,0.009236956474686586,-0.07683431890185122
208,20260926,-0.005842656648331168,0.0009570125763087578,0.01512545468362966
209,20260927,-0.0034055682061440162,0.0013697863735877558,0.007634291892505775
210,20260928,-0.005857994550829249,0.00094331223399724,-0.027114351898593715
211,20260929,-0.007082492626491632,0.0009382923504118734,-0.02505068972101608
212,20260930,-0.005773483794580869,0.00016719257635700036,-0.0021459668095232644
213,20260931,-0.00579783116360888,0.0044823577692303385,0.05905453885508724
214,20260932,-0.006314457191303857,0.0021281197277203123,-0.028378889675089225
215,20260933,3.727337966974442e-05,0.008079498394877538,-0.046194932087768655
216,20260934,-0.010449433551448006,0.0007600114747067233,-0.0007071992383933956
217,20260935,-0.005957979760097487,0.001933849315387981,-0.02201617447620028
218,20260936,-0.005155326029383955,0.003985709263919834,-0.007330057564024302
219,20260937,-0.007789777149320498,0.0009109058081405719,-0.0035713367864395607
220,20260938,0.004559995651808868,0.010661307212604165,-0.06490175979382412
221,20260939,-0.006811546045655481,0.001829741867149015,-0.03352110683200066
222,20260940,-0.005478519719695596,0.0017081283544325698,0.031135589206406942
223,20260941,-0.021577021918193662,0.00030162178843218257,-0.001403204311286529
224,20260942,-0.004656670410748021,0.00018632822973507768,0.0029833177553349856
225,20260943,-0.00560682243343491,0.000956621665296864,-0.0215695335310646
226,20260944,-0.001187204808323683,0.002873456913136785,-0.014275160940407847
227,20260945,-0.006285191234844056,0.0022927361727991258,-0.011066767508076438
228,20260946,-0.0030453385535049726,0.002740194368662685,0.022681668141168256
229,20260947,-0.0008194362154081425,0.0025569126208093707,0.02131279337295823
230,20260948,0.0007650488793931043,0.0056607780381418005,-0.06638636496874892
231,20260949,-0.009004021770797177,0.0009579790426369472,0.01582221584128857
232,20260950,-0.0033669260265201117,0.010085185769865723,0.03591457118231395
233,20260951,-0.007737559579515274,0.005524603342540124,0.022204051035485055
234,20260952,-0.0033809807766054245,0.0033379585710793247,-0.0386283894153891
235,20260953,-0.0036002336398228696,0.002063102691265861,-0.030673308471528094
236,20260954,-0.0004633106097697848,0.0038164392206172515,-0.002603615300919404
237,20260955,-0.008387765909319667,0.0011374396650485341,-0.026002359516924804
238,20260956,-0.003254600207232894,0.00451401017151265,-0.04584995240286491
239,20260957,-0.005668011906750925,0.001258881636291287,0.025783255639162114
240,20260958,-0.006062652769367016,0.0008343222275626339,-0.013884497526641688
241,20260959,-0.007367905785616413,0.0031896249775328345,0.011868234916868479
242,20260960,-0.005047474754826364,0.0015091643123835707,0.023437120177539385
243,20260961,-0.012134899896100615,0.000228551545956579,-0.007557658794971233
244,20260962,-0.002386082780194476,0.0049102338666559,0.025959120260358126
245,20260963,-0.002306239297869439,0.0005291795652891951,0.0031744861425476115
246,20260964,-0.0005293402096633315,0.006676120643686501,0.014675477127848374
247,20260965,-0.001423421354635801,0.0038875165488329033,0.01685606654319066
248,20260966,-0.005555732921442624,0.0008414879440701295,-0.0021186327590321844
249,20260967,-0.009587252473927554,0.0003499825625379316,0.0037374543822217064
250,20260968,-0.0077509159098323455,0.0004466680176830051,-0.006690846811025575
251,20260969,-0.005631096905860611,0.002368034941198971,-0.01592387963988258
252,20260970,-0.009897125185944988,0.0027437343613069265,0.03368721311308091
253,20260971,-0.003057437451792655,0.002208166052340421,-0.026182688331537224
254,20260972,-4.423912515361117e-05,0.005692909003298552,-0.040651862798740716
255,20260973,-0.004980536337517938,0.0020624117614775894,-0.017650946283875632
256,20260974,-0.004841015613335609,0.0024517849595416807,0.03879031816359364
257,20260975,-0.0028444890713350546,0.0007487518518852765,-0.018853227103361323
258,20260976,-0.007515133797775464,0.0005986567613170957,0.0075865454538546475
259,20260977,-0.0046292063811339546,0.0016109572524095617,0.011967441550301043
260,20260978,0.0019034412159183445,0.0054455482456694515,0.026077052641519674
261,20260979,-0.005796572239907594,0.0033964753735558073,0.024580747342693998
262,20260980,-0.006731675675361037,0.0041861372812455055,-0.026336663869377268
263,20260981,-0.0037284522803227027,0.003796802439679281,0.04667736268531998
264,20260982,-0.0005104524373378272,0.005549084459431808,0.00457239004068233
265,20260983,-0.004790351821016836,0.00298255048590379,-0.045567056237279524
266,20260984,0.0017487133065687832,0.0035926712870494315,0.04979294253546497
267,20260985,-0.006038684903562075,0.0008586395818981352,0.006630869348303756
268,20260986,-0.002502414035190359,0.004266178764178785,-0.0032472659827495684
269,20260987,-0.002970666867654792,0.005468734157621835,0.03647377593244515
270,20260988,-0.00043507525279862236,0.007907768982324481,0.02852603473248228
271,20260989,-0.003708001433754715,0.003479387480658902,0.05019367554952736
272,20260990,-0.007184525170954803,0.0010051320086449378,0.01501229018875145
273,20260991,-0.0021722597753601747,0.0010214590877700713,-0.018705078603396985
274,20260992,-0.004145908624058725,0.005257680718969482,0.030615632236564164
275,20260993,-0.007155589028345677,0.0004355645430682564,-0.008012439743070653
276,20260994,-0.005301480243520729,0.0019445558641550953,-0.005518644590596334
277,20260995,-0.0070498289752218835,0.0008403532473074682,-0.028127437153333094
278,20260996,-0.0006824243590299872,0.002749337946277186,0.02023487024367889
279,20260997,-0.00022429285224379036,0.002646224048105328,0.030190615976939235
280,20260998,-0.0066720248368208335,0.0009673281033734105,0.027816774461439396
281,20260999,-0.0010648604261818129,0.010459070728025766,0.02470222339454265
282,20261000,-0.003864424284209189,0.0024509051640928536,-0.0012542065856147064
283,20261001,-0.0033954848824067074,0.008263164870072726,0.08960250425340197
284,20261002,-0.003891225642998819,0.0015330096960407547,0.034598807091560387
285,20261003,-0.006508895261245762,0.0006526989972308606,0.008516486591608016
286,20261004,-0.002794205330090893,0.004936297744163265,0.05627621932386269
287,20261005,-0.002665427795312647,0.004132652254438263,-0.013606720160766363
288,20261006,0.0007569930850145346,0.0062180967046258084,-0.061660490590079706
289,20261007,-0.005167969038167186,0.0022951555534880264,-0.029549942131230147
290,20261008,-0.011084249716701855,0.004168252619675239,0.0508237896894235
291,20261009,-0.0048225822323761935,0.0029499113031720148,-0.0016374633736506332
292,20261010,-0.004886296935006751,0.0009235478515926543,-0.0007193762606973972
293,20261011,-0.0030294501108427685,0.005902232080825853,0.014622569575765272
294,20261012,-0.004990242552957325,0.0005166476718418966,-0.019767624138801867
295,20261013,-0.011929706553528652,0.003179202052727481,0.05325015085878715
296,20261014,-0.0030836712686146406,0.0031662566606093234,0.03919648325488991
297,20261015,-0.005664692932744186,0.0016397424352371237,0.017205304658271345
298,20261016,-0.006566062682725304,0.0011885975931531512,-0.026990182044961942
299,20261017,-0.008006184069255573,0.0019583354851433477,-0.01596035806887541
300,20261018,-0.0009401688670100938,0.0033170220772987813,0.05410817885114641
301,20261019,-0.00822192236973418,0.001964983315954516,-0.010998285174031102
302,20261020,-0.0011050184788354844,0.005053709128295059,-0.013736997180503795
303,20261021,-0.00016123860849326377,0.004614449615131133,0.01781765861148398
304,20261022,-0.006997921492868819,0.0013146383110278492,-0.0012262381551775277
305,20261023,-0.0012350655829618251,0.005949903110917476,-0.028364454151576637
306,20261024,-0.006808044558535897,0.0014575835484729183,0.02200865139250758
307,20261025,-0.0025018038760322714,0.005169551348663259,0.021182035291110936
308,20261026,-0.003833275959726379,0.0009568337258214488,-0.030561609759461685
309,20261027,-0.0067871504913090686,0.0019415627964591842,-0.03418347573858079
310,20261028,-0.00775463900259088,0.0006626949849253272,0.009838514727360454
311,20261029,-0.001072679552265532,0.002976682133973396,-0.033392123950521845
312,20261030,0.0009601430048645776,0.0036397675454750145,0.04610007819980901
313,20261031,-0.0009945698239102185,0.004397285065562362,0.03234693685431366
314,20261032,-0.0033300127727877715,0.0006495910896837653,0.007829878128071965
315,20261033,-0.0014460545425247773,0.006942760687762006,0.03231399155676029
316,20261034,-0.002584017744434286,0.005451138363412711,0.04034541342950277
317,20261035,-0.0021648454961555874,0.003247609151387554,0.013284961393264672
318,20261036,-0.009897102389305967,0.0026801971727241636,-0.0468142627690749
319,20261037,-0.014342370098531898,0.00031862146162087157,0.00546532927377056
320,20261038,-0.0015507456717915868,0.0038836449357371183,0.030015260909094028
321,20261039,-0.005659525878911609,0.0010080477325512538,-0.012940141761428806
322,20261040,-0.0007057553036746711,0.0029626969806608727,0.00283803913159038
323,20261041,-0.003989765631362996,0.0005225846198211315,-0.0216244851889533
324,20261042,-0.006437743279729791,0.0008274420322936793,-0.01694766872977371
325,20261043,-0.0032191611359446703,0.004400632470340726,-0.03553766478038321
326,20261044,-0.005864273638427342,0.0012260766153365799,0.005408308685154641
327,20261045,-0.002797062310622156,0.004073478431353861,0.03570606550194428
328,20261046,-0.0033304557890567743,0.001370249279653124,-0.031657577227125124
329,20261047,0.0009296990290017515,0.00468850598245274,-0.026467829228739373
330,20261048,-0.004744694772426339,0.0015740805117608891,0.02866194828947284
331,20261049,-0.005151457047333219,0.002282356645397665,-0.03322433925541678
332,20261050,-0.0006161358773306702,0.0033739484800805464,0.05672701296782856
333,20261051,-0.001394643354491576,0.00352380076623382,0.02066976571018279
334,20261052,-0.005636936955766059,0.0006807972717994826,0.013380877344140492
335,20261053,-0.005248463420324034,0.004772227827165354,-0.047567775031680325
336,20261054,-0.00356724389406482,0.0018289277687345562,0.023975738625114706
337,20261055,-0.003939633806621323,0.0023509927584230983,0.0005737051003988989
338,20261056,-0.004475176445033258,0.0034200710291996117,0.02082041364036151
339,20261057,0.001688186056194585,0.005892491945843292,-0.06505027673242693
340,20261058,-0.0040611106372605565,0.0025263141012825674,0.0065678417396875435
341,20261059,-0.0011253447898977864,0.004337826533007849,0.02419169711929839
342,20261060,-0.012652170113823802,0.0014382221854238875,-0.0007276210156355978
343,20261061,-0.0034138684070987857,0.00017532529077257664,-0.008385206151433164
344,20261062,-0.004887044188081946,0.0012550637542730891,0.018110037480611713
345,20261063,-0.0002614750352434303,0.005396569864955292,-0.019419889259567943
346,20261064,-0.001534307383320721,0.0028430776280683467,0.0013133390769862134
347,20261065,-0.000875627098833931,0.0029869299340665734,-0.04971811836418191
348,20261066,-0.007924877038534062,0.0006391704858536018,-0.014531573194694104
349,20261067,-0.0030762906687034075,0.0012463337632413474,0.027301418615641563
350,20261068,-0.011885972335031969,0.0005213208813310555,-0.015088442068847931
351,20261069,-0.006421512858668654,0.0015474510018272936,0.011137370876944436
352,20261070,0.0009270594764945184,0.0051656749798777435,0.007203012376382023
353,20261071,-0.004443967825007666,0.0013181484848697744,0.026405002707529487
354,20261072,-0.004185889056870451,0.0005618082499412314,-0.006950100347249085
355,20261073,-0.0028042793134104294,0.0036954550543769615,0.019565535786993694
356,20261074,-0.001118196695239826,0.003362539886616389,-0.04961410751848154
357,20261075,-0.0019694215889727307,0.003954876915604699,0.012754086214876696
358,20261076,-0.006922289302546902,0.0029010457926205158,-0.02818845862190884
359,20261077,-0.0010904497108390476,0.0044601001882697,0.036464523561665386
360,20261078,-0.003446419425699343,0.002473224864646184,0.03266578895759657
361,20261079,-0.0064012664482064885,0.002117284053776536,-0.0225825351557247
362,20261080,-0.005670823956948512,0.0006243553356454212,-0.005370406923618203
363,20261081,-0.007259231069734584,0.0018192434404180613,-0.03429873691927415
364,20261082,-0.004911464779050689,0.003152461734482137,0.00588297890577532
365,20261083,-0.007374254563880633,0.002501319165795546,-0.026282969571612066
366,20261084,-0.006336155302846036,0.00028429812818431266,0.013557665072998229
367,20261085,-0.003238359615841402,0.0035028237339341795,0.03078652887712792
368,20261086,-0.007360108091396311,0.0005470177085861172,0.00632433724622029
369,20261087,-0.008198968443372756,0.0006740002461821382,0.021080788643842777
370,20261088,-0.007713099108394017,0.0006813548218376209,-0.011317610622245294
371,20261089,-0.00481934181968402,0.0027991033133581977,0.023885845169703667
372,20261090,-0.003798078133041116,0.0019356071374440065,0.025460054717311668
373,20261091,-0.008274874438711999,0.0010859656481523317,0.020250311418022752
374,20261092,-0.0023007673294030972,0.0026969389258024723,0.009514410669180882
375,20261093,-0.0007874499501765442,0.0038487664300654867,0.01949179552257469
376,20261094,-0.010210582316878325,7.99820311073729e-05,-0.006336549893588227
377,20261095,-0.004546038692688548,0.001006252248206163,-0.018259087940337655
378,20261096,0.0006676068338271612,0.005283314309205922,0.02216559851662706
379,20261097,-0.0035406602194016923,0.0007713827663970996,0.010800130679665313
380,20261098,-0.006392726337129728,0.002216672482679094,0.01888771789636416
381,20261099,-0.006894103823993136,0.0009176804846590114,-0.0018372673707067323
382,20261100,0.004031981490561276,0.010993661276461841,-0.07635408100315964
383,20261101,0.0018695788612252962,0.010245234889478483,0.04798774797943339
384,20261102,-0.006215207641669052,0.00034648674854187433,0.016152346997501642
385,20261103,-0.0035950756603964074,0.0003531567358139309,-0.01334462963358768
386,20261104,-0.00564210509866947,0.0029777870423992603,0.03398750180235871
387,20261105,-0.0022161975197874106,0.0019072907358798075,0.015305288442139624
388,20261106,-0.005734384316557595,0.002207931360469595,-0.011160749283504518
389,20261107,-0.0074357304186163375,0.00462444713834731,0.01776930494975397
390,20261108,-0.010409733396232745,0.00017267743640969613,-0.010908146836168784
391,20261109,-0.00623020773122418,0.0032220629798730416,0.05489604188854806
392,20261110,-0.0016965058513245257,0.001957532073945778,-0.036180289498798285
393,20261111,-0.004178145242364595,0.0032029859927455995,-0.0525653250188312
394,20261112,-0.004320365549731919,0.004483605657658818,-0.05441231219080818
395,20261113,-0.010344173254071887,0.0010936453129947177,0.024106254198863156
396,20261114,-0.007589567058872149,0.002023633053483187,-0.03451815795694617
397,20261115,-0.01239089889232381,0.0006128953565549544,-0.0002615480306166435
398,20261116,-0.0031515138922730834,0.0024640342426009987,0.017943783967149227
399,20261117,-0.002079814013843828,0.002181682472170432,0.014444629994617337
400,20261118,-0.005381236149261559,0.003302981893407275,0.04321343175288799
401,20261119,-0.0024720583155368736,0.003809756318402635,-0.05936122366800516
402,20261120,-0.00517519895649432,0.004109851237753315,-0.06359667669476703
403,20261121,-0.006304903938336492,0.002470115325093003,-0.018906857267882646
404,20261122,-0.005832799535906874,0.00014264579740874694,-0.005593767648260336
405,20261123,-0.003249391717437211,0.004233482350667672,0.06114326723865643
406,20261124,-0.009708766566947746,0.0002228474462853125,-0.014069049136632622
407,20261125,-0.00047174510803627,0.004333292794537091,-0.044627819008548744
408,20261126,-0.0032387156345978774,0.000735840450162506,-0.022240655510512488
409,20261127,-0.00876753867713198,0.00021322472066487297,0.002162414296978562
410,20261128,-0.004588596888470686,0.0017486614786477173,-0.00260147780748724
411,20261129,-0.011082462250970426,0.0018070180543554581,-0.031630946520531236
412,20261130,-0.002389873144754917,0.005693768790562825,0.022164244863066864
413,20261131,-0.0018151419301752902,0.0030250585789258766,0.024043781847775322
414,20261132,-0.002378475924558421,0.003901016279124092,-0.049984334178869244
415,20261133,-0.004840421683751428,0.0003986044360470009,-0.011462381430358366
416,20261134,0.007866088430229623,0.01141479969524839,-0.023871488027827924
417,20261135,-0.002877885620223841,0.004784212392809906,-0.001631516495764225
418,20261136,-0.00821649813572578,0.001952105043747876,0.025435516484527246
419,20261137,-0.0031805480077333748,0.0018025985702089242,0.02853378963484872
420,20261138,-0.0030792281627249896,0.0020232965700761607,0.016800643003406633
421,20261139,-0.005253421773332212,0.004424196780377643,0.0520412823047466
422,20261140,-0.0031374954177554315,0.002100050863075298,0.0440964340357532
423,20261141,-0.008360349225695618,0.001994547414818415,-0.014260313591863638
424,20261142,-0.005992516860564789,0.005740379966288511,-0.06900449781411805
425,20261143,-0.0034397935420806824,0.0006583432274345213,-0.009379987344051502
426,20261144,-0.000202002290841774,0.003581284532305551,-0.05578574649850102
427,20261145,-0.005844134539100931,0.0032845903108031926,-0.03386714121146994
428,20261146,0.00018252720479328133,0.006772395312109936,0.045025284149537464
429,20261147,-0.004865270790835652,0.00028843770015340997,0.0054730047051199885
430,20261148,-0.0027217193564315068,0.00617248116153879,0.049434934426360516
431,20261149,-0.00025893610256999544,0.005625478790291072,-0.027746304012834688
432,20261150,-0.0012275977585043396,0.008630596142969571,-0.02599791693154767
433,20261151,-0.007410194463330466,0.0022427940045240957,-0.0003066802509865454
434,20261152,-0.003222014054473865,0.0023783139689421695,0.029668146158677657
435,20261153,-0.005691350395893746,0.0007031283397038735,0.006170287417379352
436,20261154,-0.0032170906252109166,0.004401740059193471,-0.016014935780325056
437,20261155,-0.0027124382519316814,0.00156495806442436,0.01973618253734134
438,20261156,-0.003823580868230758,0.00018754526224085133,-0.006077783383835733
439,20261157,-0.006081070572395264,0.007132544444548583,-0.07058302925033323
440,20261158,-0.002873247875927687,0.004315757752090921,0.03782332675567561
441,20261159,-0.0067188447556791875,0.0012524215486028334,0.011584916336531956
442,20261160,-0.00715722956509568,0.0007569141989439698,0.015081640146557997
443,20261161,-0.002022230319487006,0.0027642262786069516,0.034231317724818786
444,20261162,-0.0030272133825934855,0.005334792197653537,-0.06264803805983486
445,20261163,0.005202041491974785,0.00930242869857778,-0.018192461838032793
446,20261164,-0.00029579152685688115,0.004434677566986012,-0.0610370432120352
447,20261165,-0.005140938190348665,0.0019333693061026613,-0.02756108305528408
448,20261166,-0.006406300089593087,0.0013695334129467662,-0.03211275387441657
449,20261167,-0.002234621141472548,0.0017159810290974242,0.006646124211014224
450,20261168,-0.004613705478987651,0.000819602809562503,-0.0001684790924996122
451,20261169,-0.005018724899481741,0.0028222311721596283,-0.006834383057435567
452,20261170,-0.009227161601935041,0.003857902745708186,0.05861348070412946
453,20261171,-0.00575261005301142,0.00858577563991647,-0.06547902924546802
454,20261172,-0.0006859394242764161,0.008461349074508018,0.0037110363566532946
455,20261173,-0.0024806029085198134,0.0009101685747120447,0.005479461773533795
456,20261174,0.0009763060040582916,0.004549881087638208,0.058711572853618776
457,20261175,-0.0035195257303495264,0.0017974064529298062,0.032248416770038195
458,20261176,0.002174364790069605,0.006773747403723718,0.00798323739578702
459,20261177,-0.003436399744995766,0.002277927547346681,-0.04363206341928459
460,20261178,-0.0052305432335524316,0.001672401058237849,-0.025026053185101736
461,20261179,0.0022395476813360515,0.004736904702182354,-0.044184391818083875
462,20261180,-0.0034000207822351136,0.0016231240352198029,0.03806798382864512
463,20261181,0.00042262930217651373,0.006022023914953545,0.00403590534116146
464,20261182,-0.009045076670038732,0.00046386352826066624,-0.0005242618791587263
465,20261183,-0.0013100460087243082,0.0029514122689739963,0.004048531960904102
466,20261184,-0.005471539919384538,0.00024248709472940444,-0.008827209495047218
467,20261185,-0.005555193569242833,0.0005080792219369634,0.0028352433021428996
468,20261186,-0.014627472467010572,0.0005656890688570115,-0.008242393598509487
469,20261187,-0.010185594975573808,0.0029610124578313135,-0.04999374193222187
470,20261188,-0.009054059189267383,0.0008938152527886434,-0.026649447439547613
471,20261189,-0.0026827305767649356,0.0006048966564420333,0.012058398645502547
472,20261190,-0.005888879728442653,0.0014490986806293682,0.03488795299591522
473,20261191,0.0019311782263633503,0.009617284050049468,-0.04816985670631122
474,20261192,-0.0031529875385007955,0.003287715533753399,0.04311553787356845
475,20261193,-0.008525582462171277,2.714722342245235e-05,-0.001472817947716574
476,20261194,-0.005407731179602582,0.0021534934805103045,-0.01566417537389412
477,20261195,-0.0006350795872893666,0.004324078217774585,0.0618237601347696
478,20261196,0.002865956117519941,0.006360960729256848,0.0366495036816356
479,20261197,-0.004707360825659812,0.0007087313771707571,-0.0189760417817872
480,20261198,-0.007283092398912894,0.0015520087885884104,-0.021139693898640594
481,20261199,-0.01057921320232924,0.0015467599076298688,-0.005731342173301552
482,20261200,-0.011543245091440113,0.002371851247755963,0.0035099062823814816
483,20261201,0.0032630507482440674,0.007838648355273259,-0.08002892191148725
484,20261202,-0.0012303412998575514,0.0021510649502759494,-0.0034768077725548345
485,20261203,-0.004840137144453527,0.002767275134009095,0.038261563584181375
486,20261204,0.0020442547264276634,0.006621042855891046,0.04514588674761547
487,20261205,-0.006625946084593215,0.0014320477573639412,-0.017348022448051843
488,20261206,-0.0031252796789931203,0.00012634808170886025,0.002228048200029712
489,20261207,-0.00010657314750917024,0.0038538254874926903,-0.02820989188190552
490,20261208,-0.007016508631037421,0.0019491563570206427,-0.035473838139473725
491,20261209,-0.004826147413974358,0.0004242700459633486,-0.017881469741253823
492,20261210,0.000734199431782212,0.0049292109169993825,-0.013851015783677837
493,20261211,-0.007021294859469451,0.0018325737898533534,-0.030549377859784177
494,20261212,-0.00545681888348426,0.005124010445023974,0.0413878220232709
495,20261213,0.0015766558226225635,0.0058419282486663615,0.03807293547460694
496,20261214,-0.00574915386232866,0.0004390917518145576,-0.015728243812873428
497,20261215,-0.0029222768791412612,0.0022533051600310827,-0.02058436207843996
498,20261216,-0.004920218406261334,0.0036887007113858283,-0.03643061302811235
499,20261217,-0.0002848673194240092,0.0034131243129709166,-0.027100933074856597
500,20261218,-0.0083324097712969,0.0048321645977731364,-0.029359892370879333
501,20261219,-0.008239909782527866,0.001787474047654114,0.005547330819829103
502,20261220,-0.004211176640946501,0.0032152559675244774,-0.01844861475519537
503,20261221,-0.0017720017352742534,0.004993668329819845,-0.06357258776924575
504,20261222,0.006252603019018421,0.009058370596617404,-0.009674028605914157
505,20261223,-0.002016546183171597,0.0018348404318899725,-0.013880053312546901
506,20261224,-0.002744078760751334,0.004551499753688737,0.0024679476269188504
507,20261225,-0.009073587030533625,0.00034995341047239226,0.017929169564468755
508,20261226,-0.0054999405637494725,0.00036408080334981996,0.0025038019882000035
509,20261227,-0.008896208910185832,0.0033069318982191787,0.01593237942228423
510,20261228,-0.0012980025082787172,0.0025677325256374672,0.013569991252700789
511,20261229,-0.0053310587120214414,0.0012553758254623126,0.03362476085661545
